model,q50_mae,q50_mae_std,pinball_q25,pinball_q25_std,pinball_q50,pinball_q50_std,pinball_q75,pinball_q75_std,coverage_q25_q75,coverage_q25_q75_std,avg_width_q25_q75,avg_width_q25_q75_std,median_width_q25_q75,median_width_q25_q75_std,crossing_rate,crossing_rate_std,train_time_sec,train_time_sec_std
LightGBM,4114.439647967352,47.76143555622716,1474.1654196946897,17.104943829727986,2057.219823983676,23.88071777811358,1877.365918135957,20.08693741314334,0.4493251692679494,0.0016806764011427623,6118.478486777102,48.34608309951322,4316.28531967849,35.60686980734985,0.08623404713773801,0.000926575726761181,11.072367191314697,0.26359443599133753
CatBoost,4428.429332128543,62.26411584116853,1539.0860905524687,19.774539092911766,2214.2146660642716,31.132057920584266,2052.2851108747464,24.307629074517525,0.49395736419526964,0.004585319801415457,6963.399057938518,75.16915179659692,5222.699302952209,35.24328883745489,0.017187106298449488,0.0015840199702051533,19.45995488166809,0.985193451624097
XGBoost,4741.561328125,61.05076255614994,1748.1266692773502,19.307184116407857,2370.7806607519296,30.5253968100338,2249.8345516296527,44.15836063691982,0.40129181804086933,0.013248522789304999,6402.9376953125,93.81736305677443,4649.4064453125,72.58457969862975,0.10741026384244552,0.01516883457145626,23.650581407546998,0.619762221978652
HistGB,4906.972434377114,62.387747189126756,1670.627490215801,23.715665709521282,2453.486217188557,31.193873594563378,2361.1059809713142,25.436801974453164,0.4817093464335116,0.0054276891653499875,7229.624011883006,55.460684727873605,5644.233434331352,31.05579374252423,0.026459075884439902,0.0020031085349697915,14.066735649108887,0.3252210762262204
